"","x1","x2","x3","x4","y"
"1",0.753311046217783,0.119250689548727,0.540857067085027,0.537794107810064,1
"2",2.01435466569865,1.56405939380074,-2.3190039788824,0.670511825265475,0
"3",-0.355134460371891,-0.917956440467637,-0.537571510591968,-1.0993015457838,0
"4",2.02816784264222,-1.14044997725955,1.65851310274361,0.187291318311472,1
"5",-2.21687445114244,-0.0357802103823252,0.784005381173439,-0.311715603944569,1
"6",0.758396178001042,0.389726643725274,-1.46371982734482,-1.6482553607935,0
"7",-1.3061852590117,-1.06929679314721,1.61537709406685,-0.0473874192756917,1
"8",-0.802519568703793,-1.16186269906835,2.11663786308434,0.591983131856711,1
"9",-1.79224083446114,-0.957539783984007,0.453604763626074,-0.31621986387312,0
"10",-0.0420324540227439,0.74086970144693,0.0345326022819933,0.787697745880647,1
"11",2.15004261784474,-1.19619888468854,-0.172413402297145,0.798223465208337,0
"12",-1.77023083820321,0.231560277027933,0.310460868300967,0.12689749504675,1
"13",0.864653594565389,-1.35188770614247,-0.313695854492868,1.88258442714181,0
"14",-1.72015589816109,0.15047824119588,0.0520384656774131,0.17977426750223,0
"15",0.134125668141181,-0.92217255842102,-0.502861635796686,1.03539009600502,0
"16",-0.0758265646523722,1.30047854370419,-0.780020235159584,-0.126846046131451,0
"17",0.85830054437592,-0.977458167534929,1.31937987060059,-0.019154160311387,1
"18",0.34490034810227,-0.811995862903632,-1.22439514866207,2.74847354658532,0
"19",-0.582452690107777,-0.243731518305565,0.718297144727257,1.34484170575849,1
"20",0.786170375925402,-0.420667334716243,-1.22230956936696,0.133081547068414,0
"21",-0.692099286413293,1.46506692943395,1.30773910638021,0.415291768205039,1
"22",-1.18304353631275,0.764847723424082,-0.112685368098872,-0.95784012187269,1
"23",1.26885070606311,0.280288376526254,-0.50394252428825,-1.48347831958917,0
"24",-0.31255154601115,-0.0898918465198689,-0.500715831194095,0.0776311328253921,0
"25",0.0305712590978896,1.17706255520416,0.242661474142704,-1.01792032428878,1
"26",-1.48227491274074,-0.664280329421525,-0.0351808553394812,0.425500917025227,0
"27",-1.1266484433723,0.163171691095017,-0.0632523913752302,1.90153451118433,1
"28",-1.76384328816407,0.0918656363196368,0.684478481160616,1.10920522301643,0
"29",-1.06261907921087,0.664967678036132,0.771400518895374,-0.422711721705282,1
"30",-1.34299923949433,-1.1299096306564,-1.27664185753801,1.05613382386512,0
"31",0.75499616368565,0.447315386101062,-1.35255068569589,-0.0925820129716511,0
"32",-0.641488897119284,0.0342726764830601,0.135598733887745,0.379881823269208,1
"33",1.43113232680283,0.935101811438548,-0.707813593791448,-0.234336917635904,0
"34",-0.624550715533016,-0.968499016654907,1.06898118571008,-0.702893140774063,1
"35",0.228994835913877,-0.337414660188936,1.61456538411742,-0.0962831860058395,1
"36",0.263180523648015,-0.160528087151609,1.90497996431516,0.159014765085835,1
"37",0.429218298645962,-1.11618144803231,0.096435660104178,-0.147662235361528,1
"38",-1.48422012243594,-0.749695119268919,0.0645836592816672,-0.35463029505965,0
"39",0.180008373889869,-0.689491527711426,-0.549563711404978,-0.510152427744232,0
"40",2.0610603388896,-0.2357514623139,0.410106416299543,0.476118080286341,1
"41",0.725601620549376,-0.306825224128365,-1.05125643329595,-0.620203302522521,0
"42",-0.488733903182618,0.134159519552832,-0.163178064937934,-0.314120906436635,0
"43",-0.48412126022804,0.528522225619715,0.413071536046817,0.896748937950161,1
"44",1.8455935861952,0.689090460551302,0.0714102205029302,1.35513776775799,1
"45",0.51543420947092,0.668901457623591,0.665617320458913,-0.0782071084649079,1
"46",-1.11478738283505,0.655374058001382,0.398966813872973,0.605826740294273,1
"47",-0.310148921406503,0.147392758829959,0.035563145332378,1.47427039178279,1
"48",0.0914314711285621,-0.567678905143783,0.0618065335349598,-0.559640101247577,1
"49",0.644317276683451,-0.183637971487929,0.178634945229783,-0.109670335848575,1
"50",0.374834480973148,-0.240187622641083,1.15924689348243,0.178409485031773,1
"51",0.197526281696195,-0.128153505074101,0.303523273822764,-0.179768299335786,0
"52",1.18170978067331,1.1039695452651,1.1643541539647,-1.62268163820768,1
"53",-0.700654639639599,0.101792007623758,2.33556856608196,-1.05510575500037,1
"54",-0.60668499749769,1.62767145009155,0.9488082763111,1.11930990574329,1
"55",-0.505691854413758,0.645011497832863,-1.14772475218744,-1.79655836658592,0
"56",-0.820823512737357,-1.528690625541,1.19201879668682,-1.49847730732666,1
"57",-0.236121136178757,0.812766643428572,0.435337864376003,0.683966691840951,1
"58",-0.76970360331065,-0.439886101935978,-0.0854919933340339,-0.676447806577087,0
"59",0.719994361384942,0.462259907403051,-0.0546362951093213,1.00617469459707,0
"60",1.27995051677442,0.25061529299415,1.51623220651276,-0.491728051968772,1
"61",-0.993679843206022,1.0209233852146,1.44849202077925,0.749893482872552,1
"62",-0.906088702552141,-1.55344970310483,0.571675640969368,0.988071582066344,1
"63",-1.31823035533395,-0.0395259933651395,0.0799187646083367,-1.20720486059601,0
"64",1.93449431357851,1.21242699509598,1.68945377000613,-0.521863929680462,1
"65",0.678062585563184,0.272300178745597,0.149085392261374,-1.07133429499636,1
"66",-0.402475846197943,-0.163500043410609,0.512283205373128,-1.03555611716767,1
"67",0.185543893131347,-1.31209657859617,-1.9574792225441,-0.653914083480869,0
"68",0.399844594857609,0.667785046517005,-1.67739232834089,0.438476096651899,0
"69",1.64399543506356,-0.536380505813298,-0.336551358596196,-2.9485894041502,0
"70",-0.0621489942786565,0.113118245830221,-1.70200033211117,1.02145492037064,0
"71",-0.316412768976859,0.0843039383415918,0.256445679102054,-1.3420021901182,1
"72",-0.145664989288422,0.225829000363635,-1.21737839593968,-0.243342797434336,0
"73",0.703607176191254,-0.857245594453287,1.30152146465607,0.21896022703071,1
"74",0.191685240548738,-0.593447615744945,0.586907129409692,-1.35191292083186,1
"75",-1.22787979845534,0.480769313321794,-1.25066533664999,-0.937907215959418,0
"76",-0.0659422836547027,-0.698839470217058,0.870005866176184,-0.384442320276382,1
"77",-0.785876668506505,0.661332520014638,-0.0662707557955913,-0.0181372049884265,0
"78",-2.94319389477141,0.769223544364829,-0.808667325892515,1.12535802952703,0
"79",-0.627659271278505,-0.939814010344823,0.353016776823075,0.247638441888332,0
"80",-0.553162634374781,0.284848576173729,0.290929351885175,0.0312482316887394,1
"81",1.4896119007868,1.39799474945858,1.06944927805548,-0.479754823506182,1
"82",0.887638190472235,0.247648939984051,0.113263842195316,0.252272353057926,1
"83",-0.328400349680381,0.76566220350575,0.459985907314299,0.678773484823542,1
"84",-1.28334613607347,-0.625014361188343,-0.0210348274747868,1.72414648773699,0
"85",-0.0143846660248952,-2.19320573581853,-0.447164429730245,0.432573547508514,0
"86",1.00533794161294,0.0898750097124961,0.885464504761804,-0.671431104463597,1
"87",0.403112850999768,0.385601378503081,-0.072286658006045,1.40689563173938,1
"88",1.43250807793894,-0.666719217882811,1.11979363266844,1.84024570159883,1
"89",0.137341139238348,-0.526794029910724,0.806255517622069,1.00392388780382,1
"90",-1.34150706461528,-0.785329496039123,-1.08874760168174,-0.0578354582958082,0
"91",-0.486983894512535,-0.268942328123911,0.996008824674174,-2.10659388406679,1
"92",-0.899961461187438,1.04772918408427,1.3781851909002,-0.327345433845641,1
"93",0.32048085096021,-1.12588159611985,-0.246066223355141,0.948157346116894,0
"94",0.314729922388788,0.562242034083804,0.142179033142969,-1.04219560000613,1
"95",-1.04079373786278,0.606842782964348,0.27354568844081,1.01746815616641,1
"96",0.385444205622106,-0.784875202162699,1.52317863790197,-0.433877288901006,1
"97",0.797554772638084,-1.43525088241803,-0.4955923866182,0.353825290576335,0
"98",-0.553701810045315,1.54742871095782,1.09787670777286,-1.99173094811699,1
"99",0.177313212434988,0.390770879187266,-0.637282542006559,-0.106712006825368,0
"100",0.0429850393379165,-0.414569477451474,0.184567401495672,2.3711776958732,0
"101",-0.947407306882517,0.308448893518076,-0.223736456718845,1.49553041661144,0
"102",-1.81671070043765,0.326762787461563,1.13079744133607,-0.706902296709,1
"103",1.98558168112655,0.151944124073672,0.214842239503534,-0.53126738868315,1
"104",0.816763527228164,1.27506037739003,0.00346461099602218,-0.515475395134655,1
"105",-0.999641418373734,0.351408986925399,-0.184932626265365,1.09033387194033,0
"106",0.561122245646893,0.37159636076386,0.377782004070938,-0.382624618160763,1
"107",-0.780051295827419,-0.415015904251074,-0.387124281680626,-0.121329265239225,0
"108",0.678255014385258,-2.50783167716635,0.330947312509188,0.0340028229756776,0
"109",-1.05244440938223,-1.45351612471617,0.0682020677299595,-0.294476722599466,0
"110",-0.704156257941125,0.250738978559473,-0.103721349915596,-0.337270453148484,0
"111",-0.950649365716212,1.1048025859743,-0.267459739380981,-1.01480937289055,1
"112",-0.186665704539204,0.315819749152042,0.0832720032362267,-0.749380916277106,1
"113",1.23194397896305,0.331603777896471,-0.420694004119382,-0.798692241567396,1
"114",-1.3577829959598,0.542018877912669,-0.663817914777131,-0.376162611415048,0
"115",-0.310807008761374,0.473261006684823,-0.375049573317478,0.291703431588834,1
"116",1.07223372788143,-0.67442160771928,-0.0250321921232389,0.0253766379007436,0
"117",-1.687950698029,-1.39673664284436,1.03146281561531,-0.938316998374865,1
"118",-0.449290874536239,1.82729082737738,0.0740960408823538,0.685705935236758,1
"119",-0.217818547759328,-1.04487074689214,-0.0674091343597603,1.13069656714136,0
"120",-2.05011187186522,-0.940848846848995,-0.960811453971273,-0.531827726402748,0
"121",-0.773689698935534,-0.0705761571938954,0.972620012478809,-0.137721000188169,1
"122",1.23352810034305,1.2854455523957,1.28281031375469,-2.728162724882,1
"123",0.637943591350187,1.90722687516106,-0.00721738962093287,-0.659784404707423,1
"124",1.02742589003499,1.36421739268044,-0.604431442514968,1.91647822279214,1
"125",-0.221802588014138,-0.581799769800743,0.0718687078658439,1.35477413644311,1
"126",1.1422597384525,0.851394976522393,0.384016904727557,0.290713103747043,1
"127",0.258899904765721,2.80796718059054,1.04577708852449,-0.795628004227078,1
"128",-0.497554111364041,-0.264648889201638,-0.897846572634189,-0.565364018072406,0
"129",0.372102464850655,1.34587657092251,0.923629447659703,0.336821882006418,1
"130",-1.1434921626598,1.32303261505739,-0.0374912523851701,-0.997007387404889,1
"131",0.682961179363448,-1.18277464604936,-0.0923115505420135,0.606699064235671,0
"132",0.773203125369953,-0.440393825560361,0.0993581746435747,0.325063176508475,1
"133",-0.525245197196788,0.814808260787015,-2.17772684238257,0.618441884604463,0
"134",-1.12170194880946,-0.894807690833285,-0.337998760168382,0.418181426720219,0
"135",-0.49951422256659,-1.49046066806887,1.5789406575021,-0.718380328395198,1
"136",0.350968937985019,-0.711016041395765,0.111127811251324,0.417661822702411,0
"137",-0.180223224513139,-0.915848006534385,0.34809031980601,-0.512359304396104,0
"138",-3.14878681815321,-1.37596359062851,0.542534976274986,-0.227469550877701,0
"139",-1.35657585361655,-2.20430007443877,-0.0543376795916584,0.123644727954648,0
"140",1.03424376373775,0.307945910206764,-0.186157998977778,0.466151240731085,1
"141",2.57892452300897,-0.943746816651788,0.931154686766105,0.351177012521643,1
"142",-1.22002763754792,-0.782732295361921,-0.685011792190133,0.0877275793541058,0
"143",0.593855192475026,-1.13303430725645,1.22852678717732,-0.331755799170723,1
"144",1.48002687597405,1.64312785807633,-0.416089859484637,-0.0740401551620492,1
"145",0.594648170235229,1.86821841593513,-0.484828719902665,0.239660826347715,1
"146",-1.00768703318942,1.33291896733884,-0.388706771839668,-1.97993174569604,0
"147",0.651475716300321,0.0999555748849419,-0.790841941279855,-0.134481374523039,0
"148",1.51217968323428,-1.06863207352404,0.380430414848959,-0.832280011664377,1
"149",0.112484128773566,0.65096718179822,1.317662539801,-0.797775739530312,1
"150",0.15510264073353,-0.275750212566535,-0.3082430373792,0.235478383725228,0
"151",-1.4706795708993,-0.876017273535953,0.208330177949309,-0.169521423968501,0
"152",-1.86550242869631,0.723485204365089,-1.05956549221172,0.0908076138140974,0
"153",-0.129814738916835,-0.235945647373713,-0.192286843142629,-1.42138691687062,0
"154",0.0122153445473173,-1.22827642334961,-0.961481408248297,1.31276087450823,0
"155",-1.70788579348749,1.00505805608427,-0.344085846191705,1.83366575297512,0
"156",0.521113056228149,-0.0489411057941142,-0.975714020021374,-2.02997562704701,0
"157",0.948227214346887,-1.13156123257606,-1.32703852320839,-1.19688294059745,0
"158",1.47561012283988,0.235694231614386,1.64348694202651,2.66320772691941,1
"159",0.717259745256767,0.949343151218142,1.22092123284627,0.0420478395283849,1
"160",-0.97762660108924,0.765554023639907,-0.0347250118578363,-1.01436800741072,1
"161",-0.1961569186557,0.297665554596193,-0.808096283703766,-0.840767584850838,0
"162",1.19612108096376,-0.822413973790908,0.819020059689517,0.762263161271133,1
"163",-0.495029486443754,-1.03088835191643,0.596985101701188,-0.443457803752206,1
"164",2.19175488676206,-0.108105561401489,-0.728316055232664,-0.683630594370327,0
"165",-1.24046986768681,-0.382982193893918,1.05611116147735,0.820053386409261,1
"166",0.624543059061642,-1.08458255588654,-0.908998838497772,1.89164642071149,0
"167",-1.49897569097527,-0.966340036614726,-0.926316354895306,1.65815024372155,0
"168",1.34527952005807,-1.15845403603685,1.18056295243606,-0.0319358604278805,1
"169",0.674458380585369,0.295978155801706,-0.966768145979176,1.05467693413773,0
"170",-0.657825705858419,0.451774956812163,0.950773836003701,-1.40756756822156,1
"171",-0.348781835010634,-0.216306234206278,-1.890777745796,-0.0932470734379475,0
"172",-0.165434310000102,1.74171763015398,-0.576912355737432,-0.135443914070032,0
"173",1.3279203319311,-0.564070766762108,0.262788984712761,-0.569054180708638,1
"174",-0.226624012708033,1.66451241697794,-1.72745063068736,-0.729604967166611,0
"175",-0.395264738866857,0.876449430872391,1.11795085322095,0.0111038993160155,1
"176",-0.672706824201548,-1.96583581815815,0.25527837449591,2.01300690100261,0
"177",-0.366921609189166,0.887638717525714,0.276342586030383,1.62052368871845,1
"178",-2.78482453582,-0.322501451483564,0.247703553863757,-0.905520060091521,1
"179",1.53205978590972,-0.504187183485948,0.743000498065254,0.796691032510928,1
"180",0.203211547148918,0.0224364357808432,-1.15102934274086,0.800600013605877,0
"181",0.0856964087234798,-0.0107053296881537,-1.04512970755175,1.1340879439501,0
"182",-2.61922662805158,-0.290262213786811,-0.677040000356348,-0.371636400624326,0
"183",-1.35998226149043,1.21320016900983,0.268176433139938,0.798323929373811,1
"184",0.904010209523764,-0.326795572810008,-0.749019666335684,-0.43823851004308,0
"185",0.245495923940593,0.941414023617673,-0.327713594216071,-1.61749569730824,1
"186",1.20973225611035,-1.52180755431042,1.37706541195546,-0.319380091564651,1
"187",-0.148970013643498,0.405046801143622,-0.0518500749170573,0.582744359137144,1
"188",0.282123043894735,-0.356526371739542,0.268173455107689,-0.0929217107622816,1
"189",0.742066005385613,-0.403777476719284,0.00757431512380881,-0.775276665172551,1
"190",-0.511361621388162,0.270413726442193,-0.58666590505109,-0.112967545269459,0
"191",0.956627752834639,-2.03174578740862,0.508146371009555,0.589937459348403,1
"192",-2.18050194929714,1.0006747041399,0.117407621893623,0.375367137996881,0
"193",-1.94257676075831,0.328107747484696,-0.425893011831135,1.43690145556016,0
"194",0.812917577722331,-1.22638425888131,0.495681286168263,0.371898564238601,1
"195",0.974892458607518,0.273606052370982,-1.47285303658574,-2.30740240831639,0
"196",0.811235082185407,-1.4482113207364,0.353154619088318,-0.0931918600253179,0
"197",-0.783950046909513,1.19402093761424,0.0593259165642221,-1.01029477088168,1
"198",-1.08708207867989,-0.504367881814007,0.0208248481063467,0.217432694416559,0
"199",-0.166288412500748,0.216461916359873,-0.391076630358151,1.18967786645452,0
"200",0.596872547540585,0.785727187780831,0.786448037063576,0.340149570114842,1
"201",2.02107798782357,-0.0830296333106567,-1.18786589571211,-0.367496108280313,0
"202",1.29189399526495,-0.485180175806389,2.47430086258008,-0.477570433753053,1
"203",-0.260760882840095,-0.698323117501312,0.139903663058683,0.367862845771675,1
"204",1.33885219439651,0.969429421115452,0.741686581151927,0.388450988534321,1
"205",0.57186477758663,-0.565579796750084,0.925288313910609,1.19661428005439,1
"206",-0.0849407614804789,-0.109310730717739,1.51883630558268,-1.72573619368511,1
"207",1.98849597321259,-0.455439066285663,-0.489505265338057,-0.723125603804549,0
"208",1.47326724517321,0.387479074693446,0.544464211441607,-0.487634368141434,1
"209",1.23427211135984,0.450349094488545,0.481483299433426,-0.653282643859354,1
"210",0.216376159064785,1.55928897335679,0.2869206670598,0.0125994295632007,1
"211",0.289137732239307,-0.742311451708986,-1.4034639792055,1.19069740458946,0
"212",0.548953204428914,0.467106079478307,1.48937101542667,1.17018598769511,1
"213",0.506602096136801,-0.393298610664076,-0.171888964077075,-0.683933986536231,0
"214",-0.580991778737661,-0.405579382690287,0.378306449531806,1.23264432097501,1
"215",-0.754581142135858,-0.276118445277742,0.342741153005331,-0.958394691900541,0
"216",0.731221705269331,-1.53701176232161,-1.54141694441788,-0.311966454854257,0
"217",-0.259749050223254,0.235974160293728,0.954394301125035,1.04176911192614,1
"218",0.721430442567432,-0.225343165235026,-1.4615827568852,-0.898748140783098,0
"219",-0.669886390598952,1.8920258994572,-1.0786662526121,-0.627725041847109,0
"220",-0.644406211554397,-0.121789301251011,0.639831173538782,-1.71463290729577,1
"221",-1.25426414872494,0.0509529517989912,-0.297178093576435,-0.666616026803011,0
"222",0.217840861689736,-0.0676825764162836,-0.00606066677551874,-1.41561068036653,1
"223",1.0508259389974,-1.86818517133104,-0.180662026496187,-0.82513228919103,0
"224",-1.52983228781563,0.259517511752056,0.926719930479419,-1.30727527262566,1
"225",1.05525600889197,-1.42952049866376,0.460774432453715,-1.77251593411536,1
"226",0.063481247209465,0.404696280243691,-0.16647958424831,-0.0540165357825254,1
"227",1.50878164070168,-0.988484963964461,0.312971628145599,0.384351314783109,1
"228",0.178681876129666,0.637048042862923,0.332928208960216,-1.31843926648161,1
"229",-0.0135920696625423,-1.75304457675747,1.17143419400436,-1.53499733451902,1
"230",-0.119105513036055,-0.189672356024674,0.48989206938733,-0.902338745083751,1
"231",0.237466674011916,-0.645919481320881,-0.544532418345573,-1.32329726281445,0
"232",-0.266056927702028,1.18855371302886,0.759387174990221,0.254984591237036,1
"233",0.769732618998639,1.38511018309739,1.75800358284415,-0.515359625094775,1
"234",0.845585648759779,0.810137192870343,-0.500608026508708,-0.926418531329556,0
"235",0.456373422012646,-0.35864288186908,0.736788451459056,-2.22783545527621,1
"236",0.149393568754746,2.50126184972083,0.540389543969938,-0.613497548189027,1
"237",-1.60989586698321,1.82220083011925,-0.19779451755013,-2.13690181132822,1
"238",0.121843977425843,0.111922336714512,-2.64575766209526,-0.314150362351199,0
"239",-1.14416780976046,0.54457530511568,-0.633935842229169,0.0275242209956061,0
"240",-0.744977150560808,-0.106498726849851,1.58118115370654,-0.709781221609215,1
"241",0.650501514853693,1.08079362648823,-0.286446422980138,-0.242724860717412,1
"242",-1.64691443366488,1.52396948993463,0.766825701498934,-0.298652911183458,1
"243",-1.0867266634024,1.4727139164128,2.1499099538795,0.486071683146659,1
"244",-0.608219721647021,-0.321360389329898,-0.626120205605885,1.03987652137467,0
"245",-0.268567656124919,0.205240073480455,1.57935920411431,-0.693816105800362,1
"246",0.189497561424395,-0.934615199056131,-0.716075660562167,-0.377862028351573,0
"247",0.559983322661556,0.00539640003718485,-0.535541416179136,-0.145198665198304,0
"248",0.652905410614186,0.774218983436807,1.98277303115657,0.810102641580252,1
"249",-1.362802710083,-0.999382273742134,1.45953124225938,0.224870932868093,1
"250",0.96694704677978,1.21885520916368,-0.533207380773789,0.771004172750778,1
"251",-0.477115920786089,0.639638228746572,1.2616997208243,1.3914714529785,1
"252",0.280600600070175,-1.09122857126992,-0.792718950374295,0.238005394822201,0
"253",-0.0121287658406515,-0.818004530971213,-0.346870102787454,0.624734343003034,0
"254",-0.529872575474426,-1.03006584692987,-0.487307249453434,-0.300196892084074,0
"255",0.87587172868539,-0.161379349724285,0.336436293435308,-0.99949091637261,1
"256",-0.804811378614917,0.443722704393653,0.996037969105193,-1.07771420680705,1
"257",1.70355626821978,0.470465382624491,-0.5342449913949,-0.379878571436626,1
"258",-1.4086269830745,-0.0960539243270762,-1.43305836458567,1.8010162466919,0
"259",-0.490715366771783,-0.775635840120229,0.991161055992008,-0.770635661634385,1
"260",0.266190479576343,-0.633594134106227,1.03941151253812,0.553083819137282,1
"261",-1.82206074904433,0.295945175338132,-0.143470249820058,1.54965537521033,0
"262",1.52879383931158,0.0718721551527157,-0.909621811201701,0.108130227836345,0
"263",-0.271065067974676,1.9004077097848,-0.990690112032784,-1.42370291114133,0
"264",0.390627568079253,0.214068190284478,-0.664856330027632,0.0893435413265051,0
"265",-0.706827823077249,1.80130417180565,-0.334624707082101,0.740921616057385,1
"266",-1.43419305397336,0.989692589229319,0.127910848876448,0.22173897473747,1
"267",0.379136385697715,-1.04672413869857,-0.39216315246936,0.054404229912595,0
"268",1.00890087600012,-0.261919030471108,1.14571097462512,-2.12207404425721,1
"269",-0.645729665395642,0.599210691913742,-1.37765672739694,0.689873203014861,0
"270",-0.453575030862718,-0.156011485953282,-1.25282917639549,0.874756746251246,0
"271",-0.218515530155012,1.68580077571796,-0.0858036095508522,0.401335772206892,1
"272",-2.39905404655673,1.1381745918958,1.02249910550565,-0.640123308197029,1
"273",-1.22541707737405,0.116228971747508,0.888547387622196,0.853346886952776,1
"274",-0.0523166702113841,1.27637777638194,1.37766803191935,1.10203655287559,1
"275",-1.89281100448867,1.37931727237364,-1.88112134783385,-0.449229232741304,0
"276",-0.506709512827955,0.0553995404422633,0.482572862847629,-0.132691932835115,1
"277",0.137464323095386,1.35515122654965,-0.493716254977873,1.56338032805214,1
"278",0.713770668080919,-0.0875637507031115,1.35935415275543,0.730419782938336,1
"279",1.81802012627279,-0.425898561711415,1.39444593935764,-0.209888112981612,1
"280",-0.160278416847362,1.00226055047398,0.698995773807505,0.521439026937654,1
"281",1.50454451188121,0.373883384690243,-0.419164055047977,-0.366585754780225,0
"282",-0.923657502392229,-0.349478435922321,0.231841366895025,0.517730588103481,1
"283",-0.185791960249101,-0.0085342793161988,0.127476139128285,1.8951702502584,0
"284",0.468920475130623,-0.879126607779091,-1.1444667857599,-2.36644399032472,0
"285",-2.53873016499353,-1.39320589626682,-0.701292922244949,-0.491249928219653,0
"286",-0.0855033845534554,-0.0445611098807884,0.989436199686959,-0.111159415525181,1
"287",-0.871776369892731,1.13971669803875,-0.24806831482653,-2.29106983556238,0
"288",-1.19034779048059,0.848218447096828,-0.418268858139881,1.19344039118561,1
"289",1.01235776048949,0.848219540125022,0.455847849423732,-0.930979173489136,1
"290",-0.417610973630328,0.54844097416884,0.494440582580823,-0.306305955669862,1
"291",-0.514118702571925,0.385415614627844,1.5007342570201,0.502830782263931,1
"292",-0.690598232032074,-1.66184256107573,1.81491249562866,-0.724986521223385,1
"293",-1.29074391454355,-0.3913892540268,-0.179268527567579,-0.0912172928283916,0
"294",-1.52765311110575,-0.245879620479597,0.149588144603941,-0.364967809447641,0
"295",-0.627366302956929,0.501023543077025,1.3052375429363,-0.922486663410496,1
"296",-1.27490871154093,-1.72357876069135,-0.786262928397878,-1.16633859693284,0
"297",-0.017572169000864,0.297053504823147,-1.5070398226278,0.575859683297348,0
"298",1.29122447903801,-0.212070002958456,-0.0764582144802987,1.57438608792003,1
"299",-1.65504344717087,1.11782503181775,-0.379803371583651,1.71827522800918,0
"300",-0.646052103643179,1.18956595070126,1.69312142768203,-1.25749465570835,1
"301",0.431463771923336,0.87304480933248,0.787431159335902,-0.865803912865515,1
"302",0.018909295511799,-0.250391272400877,-0.0467944023056365,0.0606082592998622,0
"303",-0.35270472926426,2.40563694450216,-0.513737549587177,-0.437450808299812,1
"304",-0.527741641519635,-1.19439300170319,0.504958955700821,-0.64122751087181,1
"305",-1.84322156873603,-0.752543004173959,-0.374483926154006,1.54684286141524,0
"306",-0.0815630152844174,0.0900420443561396,-0.44761858265413,0.779474384297587,0
"307",0.305187060632085,1.53456189957841,0.858669302553315,-0.663885916125187,1
"308",1.42206080908475,-1.29198952205751,-0.444722201939278,0.208982266111921,0
"309",0.0944552025056499,1.60329416642733,0.268207064057649,0.208916971457265,1
"310",1.39990634038161,-0.604579222740034,-0.23569495866973,-0.445971668176147,1
"311",-0.650501144661661,0.120270547399408,0.536233844909061,0.808850743086279,1
"312",-1.55201405008001,0.733067456480384,1.14816456951273,1.01445145122694,1
"313",-0.385258755800069,0.512028329104819,1.8326252987011,-0.0693778022605402,1
"314",-0.966538245892546,0.0525188791697255,0.174355861743209,-1.08456855688379,0
"315",-0.785335082042696,-0.199645147212437,-0.221456924456736,-0.673653720532786,0
"316",1.06812057354901,0.499997573762924,-0.316694580980974,-1.11881199180561,0
"317",1.34807879129705,-0.0716804167571992,1.17714741415877,0.139451404423703,1
"318",-0.530181028276948,-0.530297106644486,1.73661530354385,0.162142687371347,1
"319",-1.58920024368132,0.65401830176137,-1.96297601241588,-1.42644893178016,0
"320",-1.24488996905907,0.824671370847508,0.7063227863776,-1.55359815895106,1
"321",-1.68250209036943,-0.739356824299319,-0.911511378070404,-1.71596676582346,0
"322",0.168904287052854,-0.475149102296174,0.320835532345786,0.969617156397658,1
"323",-0.35560141671393,0.778924738244744,1.9740219177243,1.29506365282116,1
"324",-0.838509379853353,0.397321525667338,0.418635614003213,-0.469603345288861,1
"325",1.63949059179633,-0.36125731996716,-0.0444717637191543,1.2769670002162,1
"326",-0.245806157397448,0.97419251731695,0.391090728293148,-0.219586894195665,1
"327",0.832887663788809,1.52814264675407,0.259669337222887,-0.953420308043246,1
"328",0.634265095097763,0.595033096749341,0.95766389841019,0.624205334603744,1
"329",-0.40591305338711,1.55910836176254,0.614544083524871,0.125961730910313,1
"330",0.651194464326681,-1.16534248966697,-1.74975188671015,-0.319464029880587,0
"331",0.91941786201386,-1.52340903003755,-0.26878155626585,-0.80951389719034,0
"332",1.63400219374145,-0.209668366158554,-0.330800003537179,1.51122902124707,1
"333",-0.086290634544252,2.83224589792602,0.642060363828361,0.553664811162471,1
"334",1.02130480171076,-1.47847016806931,-0.109630225283926,-0.609087951757089,0
"335",-0.721766674027016,-0.611106484516939,-0.874734314570703,0.207303476021593,0
"336",-0.00624091603357744,0.878551515794061,0.0980988945479213,-0.466871364583616,1
"337",1.01498546525642,-2.51495353523531,-0.0101492777311253,-1.17778819083779,0
"338",-2.57197496594107,-0.563412607280294,1.09445898597742,-0.151548270942788,1
"339",1.0414625615213,-0.963412391793977,-0.83140379783433,1.02372944019458,0
"340",-0.232915199420456,-1.158267464691,-0.867637123403085,-0.121115763534108,0
"341",-0.709396682885346,0.0296680106299068,-0.419567466420759,-0.261565491253516,0
"342",-0.973711389516111,1.25480875273104,0.0859715299528148,-0.482957290552351,1
"343",1.38533580288428,-0.040170829938073,0.506329497500626,-0.449018517343746,1
"344",0.542220718539514,-0.223820510942969,1.02609331670591,-2.36061507457314,1
"345",0.706740395741542,0.441050180113443,0.108421226345937,-0.825201765468126,1
"346",0.598327031838227,0.700439425938793,2.0894681766589,0.260689014947846,1
"347",0.557373870766853,-0.829444210601183,0.532543851078515,1.47710528302533,1
"348",1.10012142132296,-0.657566069251161,-0.73764108963,0.0495003044360214,0
"349",-0.576807556432628,0.511817591544333,-1.20209068884992,-1.99618460680702,0
"350",0.0893186744931756,0.0939093830418896,1.65890704495057,-0.354544799301045,1
"351",0.252663846870455,0.725752809571158,-0.0901382170424391,1.59130323018991,1
"352",-0.0909380262223876,-1.37963422801328,-0.936381969881971,1.24884525012796,0
"353",-0.162592989679631,-0.406956364570299,0.099953833389878,2.46000760696263,1
"354",-1.30047672816388,-1.95374459308253,0.173246650152389,-0.0218748384512247,0
"355",0.194592830906784,-1.02342013685113,-0.387231100150458,-0.39866409708529,0
"356",-0.932258290143679,-2.25888171238313,-0.122786150991091,0.852488949031329,0
"357",-0.165300169986373,-1.08719433203751,0.780839968562833,-2.68224450864447,1
"358",2.41343827545342,1.19101823711986,0.351224783519912,-0.245125477924573,1
"359",-0.352542702574739,-0.171688705146141,0.925077290214083,-0.228330109544592,1
"360",-0.892906312572307,0.243874261475305,-0.181158782898753,-2.33386449936383,0
"361",-0.755182965176052,1.4017616179201,-0.635350499677217,-0.648594951478978,0
"362",0.718760814536213,0.696225155944701,-0.194026431435879,-0.608671527581972,1
"363",0.916856904690282,1.84917469445839,-1.06275221170595,-0.285182596542182,0
"364",-0.246933518172411,0.629624831350189,-0.77668157266548,0.0047206532526435,0
"365",-0.370820838308705,1.73863902625833,1.70649646798662,-0.264991934242919,1
"366",-0.199560388777265,-0.118820484291507,0.457915701168434,-0.944230354333867,1
"367",-1.60718640778526,1.29015279451402,-0.559907050217912,0.552393602865532,0
"368",2.12519056235872,-0.180600843134822,0.125412562308618,-0.666397205363244,1
"369",-1.29449959087952,-1.8579032901108,0.86967815068666,-1.45586002348448,1
"370",0.523593302914842,-0.936532675503502,-2.37326596176333,-0.389746407711584,0
"371",0.18096776800138,0.395204140281691,0.508211253978027,-0.956514941950446,1
"372",0.726366448635667,-0.891109549298598,2.49776586165762,0.922861993492062,1
"373",0.432416785275651,1.29172530233551,1.16918698880596,1.70347372319591,1
"374",0.469632961702976,0.035328297518585,0.0938517772358248,0.79557638875219,1
"375",0.335235008464001,-0.375806886140165,0.562083980106946,-0.394586514872438,1
"376",-0.482462305307706,0.504046608246553,-1.30216033768913,-0.17468157860551,0
"377",-0.677933460985585,0.589343717340345,-1.50079503065039,2.9887053567502,0
"378",-1.61785077356952,-0.426389451854734,1.67761048226831,-1.91836611509617,1
"379",0.569288447770475,-1.62169225182005,1.3774231227404,-0.0410529449675947,1
"380",-1.70645548478617,0.171343717598055,-0.820463033164161,1.5504652023114,0
"381",-0.324419487034306,0.00605542667412709,-0.0434748204887652,1.18728459068623,1
"382",-0.936716588049027,-1.30537132712711,-0.595880109197679,-1.85053122896853,0
"383",0.0787185793610304,-0.168817623535188,-0.968389197518292,0.944875700233266,0
"384",-1.22708452561008,-1.10274505608656,-0.0921492156860584,0.388664951142904,0
"385",-2.0897836265428,1.42318498459079,1.03204863800147,0.257918470477108,1
"386",-0.428011075194765,0.290244823999774,1.32330732869516,0.659184728822853,1
"387",0.342465216215698,0.16372853902231,-1.0587926904404,0.399346081600721,0
"388",-0.602373070400641,-0.0719195585721589,-1.02572703668015,0.93299565193978,0
"389",-0.384576605472404,-1.42913392725251,1.8749813493803,-0.37982566750042,1
"390",1.93381810385654,0.539503200437548,0.264450519130998,0.200419516678953,1
"391",-0.0198616431655277,-2.41242912331652,1.34009989935233,-0.462195185121123,1
"392",0.0176076861952592,1.04665263535746,1.28353076279288,1.39213880377052,1
"393",-2.06534535475875,-0.0431620904063865,0.231466657418416,2.23431384641493,0
"394",0.687751739638378,-0.649863250352299,-0.28460501350661,0.314596304085318,0
"395",1.03209977983835,0.0609888773497125,-1.00298930807708,-2.4805335787067,0
"396",0.854635018685957,-0.153882950279875,0.182228220922498,-0.938605612040815,1
"397",1.20905348881171,0.676196799834957,-0.0458812627566203,-1.59165143049131,1
"398",-1.45165337805367,-1.97248778796545,-1.05622123170987,0.779166844261893,0
"399",-0.349830666166446,-1.17869611697204,1.34590918273236,-1.01379008228836,1
"400",1.68698170360073,0.40467579388466,0.251431502707982,0.840194934153655,1
"401",-0.60201036337482,-0.466336853887792,-0.0215558375286681,-0.694708906177365,0
"402",0.926935629332168,0.504884580362182,0.153376772925064,0.219289433146259,1
"403",0.62875954133315,-0.203682585896984,-1.820050902134,-0.186156506827033,0
"404",-1.39014814699271,0.688246488390891,0.0616619591369947,-0.539303712202565,1
"405",-0.350211615534775,0.382069380634539,-0.306886760944344,-0.512814885135792,0
"406",0.844117243879299,0.153436582591904,-0.462846197132886,0.810241685635466,0
"407",0.797480611655248,0.0525390429608033,0.797384608453333,-0.389084875145465,1
"408",-0.87760172534895,0.62866119104991,-0.441546589262597,-0.837987883475822,0
"409",0.967871622219332,-0.811214955654226,-0.537441405576716,-1.04253388578665,0
"410",-0.175381289244906,0.919751132864576,0.475166512364469,-1.50986637061284,1
"411",-0.477645535569071,-0.102832971405406,-0.51948930201109,-0.629352783795171,0
"412",0.383792475585305,0.60838306978325,0.76298638795934,1.43328843090709,1
"413",-0.32080555783612,-0.385327296745924,0.478444414390501,1.34941758411875,0
"414",1.00791101537431,0.74441630112909,0.539636399861066,0.62536003616774,1
"415",0.271372926857928,0.153559798438182,0.350190010964166,1.32576613905533,1
"416",0.882815512923326,1.67824528698012,0.66606383044,0.567892557772252,1
"417",0.986213498179552,0.411357386903546,-1.83252005253949,-0.926348437666022,0
"418",1.95784216200585,-2.16703472147718,1.84558854174429,-0.526878873514174,1
"419",-1.50381657755581,-1.32094119797234,-0.826342616217345,0.737448828688816,0
"420",0.213409726984971,-1.89020459321007,1.52160730129047,-0.128050286999675,1
"421",0.139272451318802,-0.601302671051968,-2.19479802945715,-0.370837119208107,0
"422",-0.529941726591617,-0.399838581675565,0.0407834364078038,2.02909499943669,0
"423",0.50767540235828,1.07015363152458,-0.185211365215717,-0.320286467175779,1
"424",-0.834501824522944,-1.20637012593432,0.633704294041407,-1.25387003705465,1
"425",0.850590369970836,-0.655944384079998,-0.0421796453242028,0.117145793144973,0
"426",0.799887057079686,-0.695624191048282,1.05164442103956,-0.481193751953577,1
"427",-0.651560427681437,-0.318878530239594,0.729753822947897,0.635737120633468,1
"428",-0.263859269002701,0.325671988875275,1.36900786749158,-0.418999726380785,1
"429",-0.106910108806147,1.29330068227917,1.42252940008684,0.527830244260826,1
"430",1.3259029913484,1.69407585567401,-0.00159486392788861,0.623720841402461,1
"431",0.597975570333048,-0.744001141912098,-1.98762609453396,1.26882296154696,0
"432",-0.229860649200089,-1.07145310227991,0.835112700744109,1.15717863931058,1
"433",-0.251506528498052,-0.821563556819928,1.0332842363506,1.25975001277689,1
"434",0.0759390091536265,0.49766714707184,1.12354394290155,-0.0951088779823707,1
"435",-0.7554423840453,-1.20992173526052,0.387732930817065,1.43207053429898,0
"436",-0.760738380249501,0.524161757703584,-0.593919361516788,1.44874008676475,0
"437",0.316931926798656,0.327791576337816,-2.50590164411657,0.353313543653403,0
"438",-1.71100033798661,-0.896952864039829,0.172204705146599,-1.14971546726003,0
"439",0.722827014995761,-2.35821484177335,-0.528959734726701,1.88888646823468,0
"440",-0.0330253736104786,1.51246318821496,-1.0506655417108,-2.0634716963817,0
"441",0.456054752210894,0.714900002801279,1.13865913671611,1.05929542055983,1
"442",0.494130766952888,0.119075231578236,0.745825899217912,1.10307854215839,1
"443",-1.03276332354327,-0.570266919152442,-1.04945509719543,-0.25475967591002,0
"444",-0.517175646981757,0.427981784272859,-0.568817617423404,-0.671659584726274,0
"445",0.0397480984414876,-0.545769859431155,0.0628695970551084,-2.55520075688715,0
"446",0.179503086497218,-1.06339423302425,-1.7866035598032,-0.503730019080366,0
"447",-0.155490115096605,-0.0988180833302691,0.210456255537162,0.0157982325590882,1
"448",1.18034282351421,0.639712746155842,0.113835866082021,-1.74665455713527,1
"449",1.30489287369012,-1.45519750049088,-0.94006506309795,-0.393587367510552,0
"450",-0.881233317192247,0.825692068884252,-0.174952454923744,-0.44434867921372,1
"451",-1.30703371538774,1.01960454924787,1.63423231405396,-0.591227493911744,1
"452",-0.973697208845363,-3.13588733632742,-0.962332223539687,0.26843748079461,0
"453",0.826177714429191,1.78569248727003,0.629020784271552,-1.44512220236488,1
"454",0.097099039155944,0.4741686923138,-0.645098459536951,-1.16126002280963,0
"455",-0.341989233101806,0.048468298385088,-0.734909196344336,-1.43784614036196,0
"456",-0.584567995386694,-0.805980518478259,0.634388405477914,1.22628041246939,1
"457",1.61761460358265,-1.48047714818106,-0.21453074179891,-0.730653414711141,0
"458",1.95925313075649,-1.41303694930931,0.460654510492861,2.33139507048288,1
"459",-0.370037336974709,-0.250386843858922,-0.248836627098648,-1.04966904506432,0
"460",-0.734976344032635,-0.987944396968794,-1.89867057978139,0.614731074977281,0
"461",-0.275044653144823,-0.916260890390137,-0.390532725317487,-2.29185499245701,0
"462",1.68236149031321,-0.282744343181381,2.85667463177559,-0.394008363907166,1
"463",0.574478852211069,-1.17802438690115,0.401828851291638,1.74597948307888,1
"464",0.408707107638738,0.542232182896128,0.219177330284295,-1.68076501143048,1
"465",-0.255238822857688,1.42059747136105,-1.97742351740674,0.130360324716678,0
"466",-0.938112526100472,1.67706905018475,-0.0883122915775295,-0.109189767368834,1
"467",1.174220546851,0.0199045850243468,0.598244301362863,-1.19737663666103,1
"468",-0.987337830565265,-0.193116406446963,0.502505133518326,0.538888115812598,1
"469",-0.967573906109529,0.690270239199076,-0.954226754981938,-0.399001593664754,0
"470",-0.571384709242824,0.772944522675263,-2.13028139423956,0.27008454338135,0
"471",1.5234941533232,1.7585146659134,0.76273495757796,0.501134484054304,1
"472",-1.10007763042164,-0.217705638851103,0.48314223836504,-0.79441924243403,1
"473",0.0494518989264251,-1.06681870989891,-0.0479259454909181,-1.21219387372428,0
"474",-1.75155296574571,-0.294446334602069,0.212985294759072,-0.311554635931787,0
"475",-0.326236725292462,0.869654611101995,-0.59001855259217,0.0175302594578006,0
"476",-1.22742172894594,1.20950175114019,0.474514612778267,0.0118595684918026,1
"477",-0.901700784623639,-0.169468289607342,-2.41765001249196,0.622897053759651,0
"478",0.279688397733967,0.948978723711187,2.07619147601528,0.22198005480313,1
"479",-0.00159567890739804,-0.776640790963934,-0.999422599529582,-0.268488382960194,0
"480",-0.450496545325589,0.354514715004421,0.496703878845626,-0.722802419109693,1
"481",0.376635462817188,0.242400361897716,-0.838504625612559,1.16871982661614,0
"482",0.426607879841965,-0.593562866679289,0.0921428133062319,-1.01671827736944,0
"483",0.395253892632069,-0.615950945142789,0.704354930871944,-0.264509425550248,1
"484",0.685764213653915,-1.5009826577059,0.531312970587545,0.939366526449786,1
"485",-1.6454711174903,1.8500403482832,0.458124215199989,0.458832986874541,1
"486",1.01366053649037,0.105984876857536,1.62815683160344,0.0945630007459503,1
"487",-0.636921505434315,-0.524072907531833,0.276711599655295,-0.0702022980483353,1
"488",-0.933744384752874,-1.94575154915594,-2.13019371388073,0.750932420049292,0
"489",-0.144107269935811,-1.83897295126463,1.26135332996498,0.738521511349189,1
"490",1.24469951568724,1.37523802019441,1.21995112934855,1.06651040639431,1
"491",1.385026759297,-1.16520031092115,0.559217701004706,1.54171143443809,1
"492",0.759551960992894,0.0113761492434546,0.688956872334058,-0.544302292244765,1
"493",0.184570034636646,-0.727503303500818,-0.168426451834291,2.40315958938073,0
"494",0.0118883361698,-0.281157380979083,0.464468015188681,0.887150999618756,1
"495",-0.182363183722553,0.19033041490806,-2.08683582295529,0.573325046230965,0
"496",-0.997017692077283,0.349889485927416,-0.845612128762009,-0.832005500799131,0
"497",1.07452706218672,-0.100611049695983,2.02841041222928,2.87741352098226,1
"498",0.149241520203301,0.156756094634502,0.265912256049293,1.48565003116503,1
"499",2.29342487034198,0.402059611016474,0.629272117205957,-0.479874326340893,1
"500",1.88998798582983,1.27809148099357,0.226372542112481,-0.998379852838771,1
"501",0.986155399096921,1.62598820129778,1.06891730301599,-1.9699642864245,1
"502",0.175145259509804,-0.988386349784,0.995538066932537,0.280401610769853,1
"503",0.586504373623921,1.11756522069205,0.677894339596019,0.0834363907083895,1
"504",-1.77177911647219,-0.536867164412629,1.31405100927537,1.17718911448849,1
"505",0.054317989034267,-0.131532646975097,0.253740223519121,0.789222788276109,1
"506",1.99396935179529,-0.357715128140917,0.0885699771653456,0.91121124432509,1
"507",0.0360832146801918,1.3160205994913,-0.660129930290307,1.63566957906231,0
"508",-0.995858038025196,0.937263983394416,-0.398784153851519,0.0356677215557468,0
"509",0.630228881917617,1.09832728066119,0.0493390903044721,1.00129728709713,1
"510",-0.704743098714897,1.14889218612053,-0.290417254371766,0.170992466646454,1
"511",-0.858667530140403,1.12228812402354,0.127707582768366,0.371446307751335,1
"512",-0.417562391910916,0.310838952114664,0.204705154428749,1.57701753909453,1
"513",0.498690293752418,0.40347825609712,0.0986825675537338,-1.62673049025834,1
"514",-0.208078588754616,-0.682306601989997,0.636542879912943,-0.046964107170258,1
"515",-0.0332241981512351,-0.414694461886087,0.0333769347017481,0.0458880988768286,0
"516",-0.782530707408792,0.153548883855358,-1.03570692216618,0.484421782057171,0
"517",-0.143642682510248,0.372262286634222,0.172493341224391,-0.709081210357482,1
"518",0.168161199288923,-0.938937136014841,0.540478677051273,0.53188973199751,1
"519",-0.924855161692627,-0.328940782897807,0.620377409691398,-2.05868658201345,1
"520",-1.4789431524491,1.1750745061672,0.144318197385531,-0.554085731679612,1
"521",-0.721849662261991,0.171163616619875,0.441702097173366,1.00531241483218,1
"522",2.06419470464126,1.3152012538356,0.257466179561409,1.25694907662505,1
"523",-0.0357204517331264,0.524009654069596,-0.61638333843631,1.11768543559557,0
"524",0.0941409355664011,-1.37163518476561,-1.08825179008763,0.984174646643135,0
"525",0.399508510647455,-0.983018077616758,1.37843094138267,-0.0184242714958187,1
"526",0.741152969454781,0.243726154639749,-0.754864290805947,-0.362027854717322,0
"527",-0.600478148719022,-0.538972358286023,0.685608368228658,-0.0972945182776668,1
"528",-1.26181118529601,0.723624215247829,-0.686064841695757,-0.252203931979254,0
"529",0.669390510282798,0.807742893650206,-0.204013144425014,-1.29463325493902,1
"530",0.277851603037462,-1.57604265065437,0.664306822929905,0.118992241968685,1
"531",0.44171600435381,1.26240090440471,0.156598619592515,0.1868389620547,1
"532",1.46106892501927,0.637253473431113,-0.140536362524326,1.10406446436654,1
"533",-0.957096317639278,-1.02564716430788,1.11828883161344,-0.0598440912749255,1
"534",1.02946599693012,0.0600008868387473,0.10759197986682,1.1086076318404,1
"535",0.26541978271074,-2.39777455449927,-0.511055360421744,0.641590431665402,0
"536",0.0516304642723476,-2.08425834950187,-0.192463065998532,0.772393710226963,0
"537",-0.209109304161611,-1.02205772656689,-1.90851212643213,-0.7031860789471,0
"538",-1.95206076874509,2.12874784900454,-0.140322524484593,-0.323246824334774,0
"539",-0.0813459161896315,1.00393539907043,-2.04463830532759,-0.160954488947633,0
"540",1.00920220028482,-1.32177676221894,-0.654392814308807,0.0654848389312155,0
"541",-0.562193155750164,0.0170824213591161,0.701965808504308,0.0436641022495679,1
"542",-1.50896242662464,-0.193510569709812,0.00754203732044654,-2.34362012741578,0
"543",-0.552370882465497,0.0151228927533474,-0.650986266324855,-0.442695682533302,0
"544",-0.695459982696963,1.62175319155525,0.313340576930946,3.1423873973746,1
"545",1.3395435365968,-0.498093092677858,-2.00206291009123,0.787675355981609,0
"546",-1.48178444856491,0.971290585685838,1.39741967129744,-0.679727602632502,1
"547",0.0550514237974235,-1.0095700177307,0.993285377839193,-0.259365780234748,1
"548",2.5254847072977,0.153708360431591,-1.65565308995251,0.0470873517762228,0
"549",0.66460730524572,-0.202175658574411,-0.576689638432393,0.510452260362961,0
"550",0.556279791358477,0.802429078584302,0.202560588075523,-0.848481381857162,1
"551",-1.14430708041919,0.656060492962831,0.283459119712243,-1.16511400804643,1
"552",1.20186089671395,-1.9703395790025,0.994287204466134,-0.540041438179973,1
"553",-1.8795006954569,-0.907983419481136,0.791115667596158,1.26155756582658,1
"554",-1.11008071775597,1.54505638664888,0.211901068550774,0.0750203002151806,1
"555",0.489935237658719,-0.0131366877501016,-0.328564567100897,1.89792380214308,0
"556",-0.0563599451831123,0.408436521543463,1.03847891411001,0.00849623703988086,1
"557",0.295142859899134,1.31894608104128,-0.388819721256081,1.84621299403742,1
"558",-0.727788855788219,-1.25825155210131,0.939542759930506,1.1165261175979,1
"559",-0.372121579230341,0.975765966690286,-0.259987239918692,0.72179648245525,0
"560",1.15929120619037,1.04318573641799,0.170212271086946,-1.06511321162783,1
"561",1.07215414852259,0.996363736486864,0.325638698932067,-1.09583470774844,1
"562",0.186020177717549,-1.6130571581183,-1.51661468856054,1.49237381805374,0
"563",-2.03830774639729,1.05711627858378,0.149058340656316,-0.773049617613611,0
"564",0.721968224924765,-1.28363113514347,-0.423240993613653,-2.4537433052241,0
"565",0.344901252517094,0.288477404193826,-0.228808042516359,-0.112746695395231,1
"566",0.700676104624197,1.16399788820793,1.31309439310756,0.467955703754748,1
"567",-1.02364315463468,-0.0158016578335702,-2.49804101793733,1.93154069031763,0
"568",1.65194580450973,1.63516677891921,0.394896037141039,-0.818739336831418,1
"569",0.445455226236096,-1.47310218783159,0.112600131422221,-0.0407999020034881,0
"570",-1.03460528638163,-0.313415528893159,-0.590779176554406,-1.12698482911477,0
"571",1.03035701828016,0.885313654785656,-0.344728273003887,0.523467461612696,1
"572",1.2654883835064,0.12707136473363,-1.02049255535762,-0.578953716322945,0
"573",0.901043225718076,-0.759490179370887,-0.110949071134667,1.07765958993448,1
"574",-1.66173199324375,0.145321606341772,0.799778016231771,-0.49587291209332,1
"575",-1.02916926173887,-0.103413837413819,-0.154128871144374,-0.892494062592052,0
"576",0.12686665927679,0.263377658291265,-0.678558877307793,1.24396359704417,0
"577",0.343930365119481,1.69662668213947,1.06905097032426,-1.13568715406641,1
"578",-2.19841213653797,-0.0354694048432821,-0.585135055708205,0.960445704578406,0
"579",1.24634415607149,1.68889530534647,-0.522263445808567,0.93102248557296,1
"580",-1.23034861189084,-0.463958589003092,1.59154329859569,0.249319580460093,1
"581",1.38171530254674,0.196524046152228,0.0319211519033728,0.498445976623169,1
"582",0.549684673618534,-0.0919195899014591,0.100136655631717,0.328259922597326,1
"583",0.149863152370346,-0.225854360537643,-0.544499377117027,0.527868573302498,0
"584",0.904805267397048,0.788148156031361,-2.7045404183966,-0.910842460998924,0
"585",0.113116184810003,0.556089966441558,0.566100126194422,-0.389283713770856,1
"586",0.757978343552401,-0.295587754158102,-0.538346069719111,0.996186736712845,0
"587",2.15656949169698,-0.725005622098136,-0.388961387386617,3.01612778872496,0
"588",0.627818707949956,-0.37043346834577,0.300484856990227,-0.694509010092012,1
"589",0.0633106580283847,-0.939615424893352,-0.188168925797486,1.117084686052,0
"590",-0.847456403402971,-1.40972471856972,-1.39027917786313,0.0696939304499657,0
"591",0.141406525946871,2.09824949350518,-0.210663699725366,0.141955819390442,1
"592",-0.727901479262266,-0.798136255666358,0.241213226236711,-0.181538465336342,0
"593",-0.247949881636347,-0.965953360956839,0.94738459993624,-0.783098287902537,1
"594",-0.606946253365702,-0.64823391353666,-1.31101109404381,-0.48968040555046,0
"595",0.714461772132565,-1.42515951324534,1.38532730240098,-2.00558308908716,1
"596",0.320092164750665,0.582118741873338,-0.191700309362704,0.903217108900347,1
"597",0.00462880252203854,-1.02288671864214,-0.298424041972035,2.59727721189558,0
"598",-0.873940819879792,-0.429975454860168,1.29965546542395,0.443722438447969,1
"599",-0.716562541156782,-1.29768628160635,-0.213976464508729,0.128101344610458,0
"600",-0.4465909538275,-0.0340163209721934,-0.0530595314086079,0.38874112557557,1
"601",0.212687597560453,-1.19068213496131,-0.711616127689186,-0.146764795867211,0
"602",0.990341147433219,0.0612951404450398,-0.897484293226399,-0.440212760069288,0
"603",-0.746632236969931,-0.174681210804951,1.73038783068568,0.798988033790626,1
"604",0.211968415712522,-0.251167235547465,0.438299865936977,-0.505993809653825,1
"605",0.106101638986901,-0.430526804889814,1.28333918987429,0.436095705894226,1
"606",0.0978133159304957,0.279597788045668,-0.268275275459442,0.360289943626046,1
"607",0.635552797333833,0.207465473059345,-0.362376909923028,0.61194202689103,1
"608",1.96980492204055,1.50608334759948,-0.555588495494431,-0.364538772746761,1
"609",-1.04870725773288,1.52122085426537,1.35592760979103,0.258894091973178,1
"610",1.75946995249761,-0.0921886286097023,0.0750064956530263,-1.19864098733284,1
"611",0.224932001731116,1.71356215455107,-0.18513858218124,1.42759543836148,1
"612",0.0567256404318943,1.68926912977771,2.17789531756851,-0.712791829737354,1
"613",0.676647421794885,-0.560075911115227,0.619647394873826,0.108970960319147,1
"614",-0.167595304500756,-1.08247141542063,0.680195658296599,0.51417077835721,1
"615",-0.6319057434252,0.969940505985143,0.531516048651455,0.206407693811694,1
"616",-0.494597335647431,2.16128649185345,-0.189415836846784,-0.554545761074279,1
"617",-0.913845305158528,-1.11262168278003,0.436602665573445,0.135793277774747,1
"618",-0.543794644077292,-0.641192405855592,1.84996501495827,0.0351039994016186,1
"619",0.578205595904765,0.22240158355447,-1.72451068151111,1.61153350346773,0
"620",-0.911000056403341,1.29956886338837,1.14016682949981,0.734517371841107,1
"621",-0.713438344339755,0.307497975276028,1.11934573560994,0.559837368111494,1
"622",1.1349892056145,-0.703427947393891,-1.49740350904805,0.687832423292206,0
"623",-0.384318312520599,1.61459263485285,1.01028660509489,0.713486183343228,1
"624",1.02087705229947,1.68771108728365,0.0316013249214096,2.02019376130457,1
"625",-0.126780548825292,0.480304575714947,-1.06732585138074,-0.21817474843632,0
"626",0.0348432817322634,-0.224733054995856,2.40620502179394,-0.0316436164107938,1
"627",1.08674268193627,0.19408717418356,0.629048605289318,-0.838995729087308,1
"628",-1.16978590700337,0.94250221958063,0.203091997295005,0.448453964204709,1
"629",-1.08874235793561,-0.270894810456324,1.03594232584625,-0.788173466538883,1
"630",1.47200582334871,0.987698494446295,-1.67698589085053,1.459310365401,0
"631",0.673656958119661,-1.01047407079624,0.656754646184502,-1.04981589884686,1
"632",0.968899538926993,-1.09875217423554,1.0163619896649,-1.45279462957954,1
"633",-0.438783142940407,0.440385792835091,0.03901049978797,1.38207348891066,1
"634",-0.293542881613168,0.611818918292972,-0.0960449092698816,-1.97737697998288,1
"635",1.65358350519241,0.856634294814134,1.32195051101351,0.614780820196385,1
"636",-1.34185730708737,-1.20991457189693,0.219806385518125,-0.0226619864516405,0
"637",0.216552506392755,-0.0708962406153772,0.0465120138525131,-0.501630366992288,1
"638",-0.886926594833737,1.31463621644023,-0.884565407208972,-0.476834878419764,0
"639",-1.71071875044806,-0.477278735832317,1.69716593888617,1.33019434079148,1
"640",-1.46704088177397,-0.548498350651233,-0.352839455156901,-0.910400622873386,0
"641",0.943504162054706,-0.612782932053296,-1.07209664850983,0.425340055629628,0
"642",0.761148963221561,1.52768347786748,-0.900748590800813,-0.420092674745256,0
"643",-0.60339067426777,-0.80816864936801,1.6872266191425,-2.48104720314483,1
"644",-0.749758719564154,0.934620070011635,0.996279708999074,0.652327270300646,1
"645",-1.68227877328998,0.629328220371753,-1.56596743964367,0.0607237402373671,0
"646",-1.00887610480286,-0.0193941207402802,-1.22822586279487,-0.202628180710728,0
"647",-0.805343406089769,0.0193828085120467,0.470725933647376,-0.155304293765313,1
"648",-0.763241812681825,0.356493968952103,0.472496201741201,1.15427754931864,1
"649",-0.00956805755029482,0.240521944840677,-1.29754391988125,-0.365048036574891,0
"650",0.352911092380781,0.797575159267435,0.168359235186725,-0.187973796556392,1
"651",-3.13493734045518,0.930787045275582,-0.427754753810289,-0.0942750595599853,0
"652",1.47519781774333,0.0060911590533264,1.1768881336008,-0.572887975679507,1
"653",-1.75930894518493,1.51058537853785,-0.516407605942299,0.552758208023474,0
"654",-0.3813216022762,-0.444276677419535,-0.723124065333356,-0.0502405489276744,0
"655",0.165370586151339,2.1122886093915,-1.0297963405363,-1.53164391438467,0
"656",-0.398452835147388,-1.0275441914468,-1.11309108322017,-0.266414227537976,0
"657",0.319277020990426,0.123556191994073,0.167584826352777,-1.2782689611521,1
"658",-0.59615586959023,-0.331552903108378,0.511150754875756,0.731113436115439,1
"659",-0.689966795715264,-0.00268353465511496,-1.16657267694574,-1.78926333646243,0
"660",1.18520755297906,-2.25223524638415,-2.52255940517061,1.1864454714145,0
"661",0.18528447533419,-0.623649040756378,-0.369598550522169,1.50139310940171,0
"662",-1.0861983336854,-0.551324529263817,-0.992120808898846,-1.87863683810112,0
"663",0.858973707920914,-0.324609056482382,0.00629626483014649,-1.1375587819223,0
"664",0.361849935078478,-0.744627162802232,-2.03199899673186,0.579051277702661,0
"665",-0.545905532934887,-0.180061058604764,-0.565964118355551,-0.562900222998553,0
"666",0.781942107224142,0.481797602147875,-0.0298742451619278,0.68867673507535,1
"667",2.74487259744249,1.64050295283021,-0.699405308304223,-0.740211756787246,1
"668",0.970141191364634,-0.368159802763853,-0.103774615975181,0.763205039923765,1
"669",-0.397493508093013,-0.32926945419447,-0.254984262567432,-0.648860288469665,0
"670",-1.58077058418271,-1.31695580441235,0.299204018742689,-0.769594926121676,0
"671",-0.730034448560751,0.849890235316985,0.616112572464641,1.63678957914165,1
"672",-0.735642615673576,-0.794495541245371,-0.696528513089731,-0.547782992636785,0
"673",-1.35950357137167,0.369657595635526,2.25168809097747,-1.23131422066472,1
"674",0.883005578820859,1.30028547305555,-0.0353136439190423,0.4255993425197,1
"675",-0.825371843206345,2.70956994120096,-1.16177228406472,0.0373060362301966,0
"676",0.0936781704383265,-1.58056334574004,0.967817496820816,-0.930792726410437,1
"677",0.409623075778482,0.892793753063783,0.248025280931191,0.141594450401501,1
"678",1.50609410607679,0.524894228246151,-0.659821740297666,-0.617792445046372,1
"679",-0.463683755462493,0.538838193980292,-0.596907157638262,-0.876068723102113,0
"680",-0.629021478434985,1.14540937929935,0.262801720638099,-0.846508292953731,1
"681",0.65402792542702,0.517823610803725,0.00584309584913427,-0.914934674168704,1
"682",-0.0840812661477513,0.689941178506291,-0.909606822637361,-0.828343526557482,0
"683",-0.132672802631846,-0.174716356975339,-0.120538415926834,-1.12552240906586,0
"684",0.00179317100679686,-0.601921572316281,-1.98317052932457,-0.779787732964022,0
"685",-0.100660443038729,-0.148628472655382,-0.488138386393102,-0.216348284269282,0
"686",0.154018367087144,-0.707387923565102,0.846840817898255,0.874945323978396,1
"687",-0.183914483113218,-0.109555945810905,0.621391690224943,1.30829500174265,1
"688",0.831834297804232,-0.0244697434119173,-0.0976509889580831,0.50637703168443,1
"689",-0.123817871219547,-0.703418036447596,-0.0496233870996717,-0.116021958443602,1
"690",1.13893136951063,-0.592994332616363,0.952213334460764,0.898933825119341,1
"691",0.562939936047728,-0.860742691864878,-0.11294293767692,0.563543200993021,0
"692",-1.93594760984375,-0.437907670110132,0.170233043104895,-0.392784331404397,0
"693",0.301193229121687,-0.0196286095277743,-0.293553056605007,-1.62180562004926,0
"694",-0.660233048187436,0.357600309542646,-0.614297993552334,0.144917218737451,0
"695",0.0323557451845222,2.19735687388786,0.719449729999135,-0.162290572450508,1
"696",1.69902399668309,1.43148807640455,-0.23620837320805,-0.132844013157075,1
"697",-2.19773375696879,-0.12434997970241,0.314315717424223,-0.678946927854326,1
"698",-0.4768152355144,-1.63068639901457,0.524482838144915,-0.9686825742973,1
"699",0.39746930310168,1.80179802504156,0.568042767159001,1.07926300198936,1
"700",0.638219930546183,-0.477439325422599,-0.665903820513034,-0.567186329920441,0
"701",-0.679787449231819,0.143717415308772,-0.841848270825355,0.263736493316474,0
"702",-0.0521196646677798,1.38152926091952,1.1008523432624,-1.13564753771432,1
"703",-0.428594211662124,-1.62069547566385,0.00740902106678511,-1.42561655217502,0
"704",0.12239834165946,-0.986805584894151,0.176936374403432,-2.27783250783874,0
"705",1.1745172816263,0.591932985329258,0.692310983573483,-0.266666439532332,1
"706",0.0274372113730714,-0.889911179798184,-0.145962475060006,0.830060539243987,0
"707",-0.412581797525181,-0.703347500497839,1.37787445502978,0.388231543557654,1
"708",0.811492293025597,0.521639915732044,-1.32843980608809,-0.693644311718063,0
"709",0.0835686628823812,0.679277474496813,-0.178224251259335,1.02881051255703,1
"710",0.175223953074832,-0.603834551582219,-1.17374327106229,2.3030961330233,0
"711",0.327442212378424,0.140595350450794,-0.565472229651229,0.407747908076755,0
"712",-0.520379933560493,0.228450475416479,0.329514904828686,-0.702036074440751,1
"713",-0.386378605576968,-2.01995245743847,0.0423623918142508,-1.12906390638692,0
"714",0.854000373450393,-1.27763302125082,-1.1783671889971,0.0284335163291087,0
"715",0.475519443715694,-1.18324812613533,0.768912109565695,1.52988600770263,1
"716",-0.111457688777119,0.0925244156960581,0.77909568699232,0.244773914783154,1
"717",-0.513695229623527,-0.840990727684346,-1.13789782576508,-0.165803506007804,0
"718",0.21555634015322,-1.48204901700984,-0.223594821240321,-0.166726066675241,0
"719",0.90604670240525,0.42390662279614,-1.28635851114391,-1.28839644696328,0
"720",0.568347235259455,-0.860397821882157,0.55610361572634,-1.15848286023457,1
"721",-2.49252408890878,-0.975086745173981,-0.582315392401403,-1.07723309670106,0
"722",0.0357394767397389,2.1602189420557,0.687710506796842,0.53635143438314,1
"723",-0.056289405051656,-0.857635624228213,0.17492464083484,1.58690862595162,0
"724",0.229150001327642,-1.84061176625392,-0.56811594449604,-0.671870157702022,0
"725",-0.158050578154934,0.251549042443072,-0.225010885888299,1.72320966668016,0
"726",-0.598504754308943,-0.819115262796436,0.374276533724719,1.34074940929469,1
"727",0.673981082543552,0.738082585097312,-0.399696425391245,-0.590194886091918,0
"728",1.01429996223104,-0.92408321513837,-2.31018419767696,0.789718502489923,0
"729",-1.14196109882698,-0.439022487293178,1.3314585057058,0.637293296782859,1
"730",-1.49122565746139,0.994456659376988,0.549259535344565,-0.342184125494972,1
"731",-1.1111903493535,-1.23876894505125,1.36805304717829,0.172605022280564,1
"732",0.114481265192875,-0.595355581981679,-1.40239450063781,-0.418882276549078,0
"733",-0.041370042644397,-1.41962639417685,0.243284111441994,-0.660258923724364,1
"734",0.498218703631007,1.75711451212282,-1.03971429654973,0.575201618920257,0
"735",0.538718174689858,1.71822797007783,-1.09514120837208,1.69939006151275,0
"736",0.574302646881344,-0.628901140572488,-1.44712404106756,-0.122625343313345,0
"737",-0.0542732045820154,0.958637918951352,0.937945607380935,0.84759714864265,1
"738",-0.705607841968617,-1.25584839655623,0.457454314005908,0.753451996634975,1
"739",-0.489347017086794,-1.18295862954238,-0.0229902269782333,-0.663431200787365,0
"740",0.285294380801382,-0.822781097581416,0.793422167498332,-1.95136957405476,1
"741",0.832448031268642,-1.81619724208182,-0.529387528996168,-1.35331432567177,0
"742",-0.491374899910814,0.488736096669065,0.0632958422667954,1.7508842236378,1
"743",0.301476734280456,1.36942798310318,-0.00273115323803247,0.394618843159356,1
"744",-0.46835569784902,-0.748009386988963,0.914856663893171,-0.840028873622083,1
"745",0.409957392047324,-1.69248772068237,-0.563055416723365,-1.06915726803316,0
"746",0.285728771056421,-1.9447596186051,-0.736455007734563,-0.562306264682124,0
"747",-0.0453258712008229,-1.78388285680429,-1.13763935377813,0.582898960603423,0
"748",-0.296004502150659,2.27904483132298,0.271588296403233,-0.0751459973251035,1
"749",0.184229142643183,-1.9664618402382,0.970410540913977,0.679201791500404,1
"750",-0.505828360117907,-1.37996903728472,-1.0844561266363,0.775949854843496,0
"751",0.590331366785304,-1.40931160705636,-0.189487451172459,0.167729146527353,0
"752",0.667865112270503,-1.44410409939562,-0.275940925856712,0.915777548117016,0
"753",0.86457706595731,1.10537714027238,1.15388248856588,0.127924380034588,1
"754",-1.96858731140175,0.505310480934828,-1.22165702792108,0.475956478763997,0
"755",-0.207307744526311,-1.14698535947907,0.457570311118953,1.36125644450869,1
"756",0.575380662393671,-1.52600151369232,1.12326675092901,0.584353699666318,1
"757",-0.347556122676291,-0.10692341848763,-0.316170967589834,0.981764393890303,0
"758",-0.0668225604406238,-0.322539612778136,0.282431802029843,-1.25200186787184,1
"759",-1.54519658398134,-0.0122601093922899,-0.207907359803934,-1.96221379618362,0
"760",-0.000645534241712793,-0.743354567559417,0.210150080593806,0.229200665973092,0
"761",0.666849056273324,0.142826888975646,-0.816913125087356,0.564210100169988,0
"762",0.34397073435773,-1.21402062831392,-0.652103435182452,1.0568183416342,0
"763",-0.431005001165825,2.1520027367596,-1.46801469298912,0.207156768673582,0
"764",-0.58197602251994,-0.864052088352923,1.0124489665006,-1.05678565861685,1
"765",-0.789009164070319,-1.6593051626455,-0.0965383930553648,0.740432984347336,0
"766",0.13344099847865,-0.258777682540809,0.00662575334440643,-0.309815860488878,0
"767",0.469221571498208,-0.0580684819631619,-0.168919387381529,1.82730512227655,1
"768",-0.181666631273454,-0.0577416193424904,0.406533556605048,0.202744726766308,1
"769",0.146423650730737,-1.19545559468435,1.97712712582094,-0.864080760543313,1
"770",0.528775091233201,1.64225880410145,-0.862533933036608,-0.167314714476298,0
"771",-0.52922649116447,-0.0676165421757821,-0.520622578368649,0.4431595147038,0
"772",0.410409897329886,-0.545095856111577,1.08264457521025,-0.0812206337665879,1
"773",0.714395333739074,0.814604520824473,-1.87252482608877,-0.43649686603524,0
"774",-1.32728984890717,0.88515870665262,-0.145287692622264,-0.147759931742138,0
"775",0.552942714797541,-0.121532742614662,1.16982818283266,-2.37299108550448,1
"776",0.472489191656028,-0.0476233292437926,-0.926978942098824,0.120316112832742,0
"777",1.93602461047395,0.24315564102652,0.228054772826199,-0.140730319311545,1
"778",0.325033231634087,-0.607691201141194,0.0490679808660672,0.363709755629934,0
"779",0.753183275337123,0.538133910647234,0.532772128231774,0.294315395240379,1
"780",-0.0255027236420575,0.708112163706754,0.191131548628523,-0.388975161612862,1
"781",1.19910542947065,-1.15488294721491,-1.65690228881175,0.304739169610826,0
"782",-0.390036246966738,-0.121941680349631,-0.599364440460932,1.37524011738614,0
"783",1.10733627109124,0.272051783532799,0.131495134320129,1.10401836811151,1
"784",1.17825080063877,0.786719514057453,0.397546402823793,-0.888963346546128,1
"785",1.46789335591678,2.17567555376224,-0.612751581170641,0.577286548262563,1
"786",0.970436925396482,-0.490841893107836,-0.797791675536653,0.584462367423316,0
"787",0.12985435834411,1.94302432094826,0.455051939992374,-0.11742356179069,1
"788",0.0654855345065061,0.8491274806518,-0.739496819358855,0.592493186806438,0
"789",-0.198227733712334,-1.11742415121769,-0.0410721806295776,-0.342319599439249,1
"790",-0.435807557010881,0.708279613524484,1.47620478629061,-1.96822366560582,1
"791",-0.112126711246758,-1.35198074909475,-0.246320966381931,0.927450236079401,0
"792",0.0388509407706574,0.0584136838061935,0.141625010367471,-0.847280720941386,1
"793",0.536152516242818,0.314308844631083,-0.597516546248216,-0.474437682016442,0
"794",1.28797671030379,-0.382730882319856,0.331017031319409,0.800933981469822,1
"795",-0.759344642737557,-0.823195424468813,0.486887856078388,-0.380255230272008,1
"796",0.669170888684229,0.814345030691384,-1.14445176226455,-0.400184814823747,0
"797",-0.667325971171928,1.01277426720238,-0.75310467065422,0.0212343853247409,0
"798",0.027113793641802,0.100308412802207,0.413576404440005,-1.86126015672259,1
"799",0.68875900404085,0.0250844919936318,-0.137774571814872,-0.463813340407051,1
"800",-1.20369033350551,2.00831476595378,-0.257740678602373,0.960937466629212,1
"801",-0.477739779709568,0.61033437205825,-0.0642461682441467,0.165466418436581,1
"802",-0.563447846178038,0.803436979409903,0.38057246109057,-0.115801987517237,1
"803",2.07753128368825,-0.510989596795448,-1.02276831906386,-1.46618511972869,0
"804",0.156646732035989,-0.00588486788005249,1.08167903672837,0.420342235999069,1
"805",-0.460129357063905,-2.72998202210696,1.84385223975047,-0.302715286732439,1
"806",0.552239625793761,1.10779477491948,0.281436220775214,-0.293028669332579,1
"807",0.652602383813745,1.12680114079547,-0.445834160602071,0.616691339236721,1
"808",-0.296442882780244,1.0688816814155,0.818371646657803,0.600199206845676,1
"809",0.737044376993619,-0.799066807729258,-1.17880304963251,1.31231414361061,0
"810",-0.76080618051147,-1.57608440493455,0.354253433770998,1.67564366611486,0
"811",0.875324030693979,-0.104698896773562,-2.04010065254529,-0.281353632639551,0
"812",0.510456334408189,-1.02255393596138,-0.615840433286695,-0.150055289468726,0
"813",1.04962247307379,-0.315027152581749,-1.26744918037115,-0.96909290163946,0
"814",-0.673067410726545,0.762111940964209,1.50129084002136,-1.58081787010439,1
"815",-1.42130368576841,0.12059486874937,-1.11665886957649,-1.34334755934959,0
"816",0.102123012853044,-0.625088207066888,-1.25842590868392,0.805366294068098,0
"817",-0.687603395800888,1.41444845856163,-0.6069409625956,-0.17359159746797,0
"818",2.13223736215213,0.0483828636418404,0.304977105702698,-0.0676383626214803,1
"819",1.19774396880608,-0.0496458426471188,-1.2845101049958,-0.936171300068803,0
"820",0.942151167865176,-0.254412834870024,-0.49751361386294,-0.376115216009157,0
"821",-0.789465736757253,0.782628805641954,0.118137612224381,-0.389796697798371,1
"822",-0.641038453788982,-1.91526325492104,1.76617700325017,1.11510587160889,1
"823",0.7528282099685,0.253607893105682,-1.95531862563339,0.290255922504323,0
"824",-0.155967105256841,-1.72880450457214,1.07103794803127,-1.09972945062631,1
"825",0.221899151580161,0.529468109757453,-0.397115852190367,-0.11966844244071,0
"826",-0.526501913812476,-0.243301372360184,1.34865740747672,-0.329372004821601,1
"827",0.415105979867832,-0.207997694142029,1.46623171039571,1.78613959025208,1
"828",-2.16758640404593,0.918256270802561,-1.00742737369595,-0.849124689576542,0
"829",-0.516140136175782,-0.657988053641491,-0.0639194946794624,0.00229024321790646,0
"830",0.166024737422251,0.236793067107345,-0.00409272167379399,0.812151846914446,1
"831",-0.100299296808757,1.01981960084268,0.672100746209772,-1.22253445941731,1
"832",-2.02468774391491,-0.956900436583925,1.39967915915623,-0.671947233592474,1
"833",0.0098439855694776,1.40349629512076,-1.1036626633361,-1.75739512816828,0
"834",0.0511582671908161,0.0130547971906428,-1.13439034233132,0.508847688325272,0
"835",-0.959472657054649,0.92730192922205,-0.407360214305605,-1.075454825324,0
"836",-1.89157834997044,0.301389661053536,-0.323650903730636,-0.586208018719936,0
"837",-0.368974694833863,-0.0499982988139694,-0.890326906639046,-0.0728305894359966,0
"838",0.198068648590901,0.478366091328566,0.811880318676448,0.00711475590988128,1
"839",0.590667646956996,1.15184940039651,-1.16492963655709,1.28507620522734,0
"840",0.547224220741145,0.268940479077523,0.752218228632449,-0.446252268349008,1
"841",-1.03032527280129,1.12215396561134,-0.145535596721744,-1.87900729621218,1
"842",-0.726320263189448,-0.55208077773049,0.626975367936802,-0.459829644831119,1
"843",2.38690844663365,-0.578830643184364,-0.728298491598045,0.0487546313110884,0
"844",-1.16591997012959,2.23058808574391,1.58236959475825,-0.723594555884235,1
"845",0.204776197086388,-1.08160650976511,1.0292882370817,0.407770018998353,1
"846",0.42834831544432,0.446242234571115,0.743609161619638,0.102178929213833,1
"847",-0.887835787231182,0.468405302578251,-0.46676931461032,-0.032096082845619,0
"848",0.00751963878822385,0.171629461505591,-0.383106461578015,0.210829773057603,0
"849",0.338947194066265,-1.7917218682077,-0.540971424881465,0.134563196648617,0
"850",-0.419831586962695,-0.010434792580058,0.577340969483919,-0.0609929265023385,1
"851",0.435787033524682,-0.491500727489813,-0.375881760214441,0.0937790264927614,0
"852",-1.94252539892832,0.308268003369742,0.338425196786593,0.711546411889084,0
"853",-0.275287123705785,1.54103617364908,-0.176495547625143,1.34646182310311,1
"854",0.79877762187395,-1.82098055124058,2.75154400548291,0.28108568284645,1
"855",1.96190355142172,0.189683682432833,-0.265421773398563,-1.94633894500897,0
"856",-1.29962151259581,1.45937713454616,-0.564209186989116,-0.0513618593478038,0
"857",-1.06408583229049,-0.39498901231771,0.290193778582621,-1.30665480975543,0
"858",-0.207528051181325,-0.607426088546031,1.6888324220474,1.24831453022578,1
"859",-0.645492714171983,-1.5271702110167,1.11087599205566,0.306110746098811,1
"860",1.72009671734326,-1.16597540922097,0.646514161080873,0.571860344630028,1
"861",-0.113053475792057,-1.56508400277428,-1.33702587940396,-1.5542648877847,0
"862",-0.795289574160125,0.717560268613442,-2.01714038224936,-0.686207549954481,0
"863",1.00025188462879,-0.737182886744052,0.595667852337317,-2.00498161634982,1
"864",-0.787251321757734,0.961260863288947,-0.250492360183169,0.0612017201193506,0
"865",-1.6107909242789,0.428846454928734,0.444436675261404,0.102443758277674,1
"866",1.29513063944374,0.48523097283252,-1.47521289525228,-1.3811887548568,0
"867",-0.775847528930919,-2.06847779767863,-0.363186931814279,0.0414038473533414,0
"868",0.567243129098001,-1.40915925986626,-1.08208610958754,0.994705827681913,0
"869",-0.307357736293942,1.04710630017099,-0.0623137195405106,-0.722579495649914,1
"870",0.214211070125425,-0.530610905897402,0.791316527290752,-0.446782437310996,1
"871",-0.481555744557371,2.30095259312952,-1.41145259667445,-0.417118256665359,0
"872",1.21730473686548,-0.336055140143769,0.301905093068173,-0.263861938056312,1
"873",-1.84502925579337,-1.27083359158216,1.21300991044236,0.143174977231502,1
"874",2.09943758828319,0.924534829581113,0.600147877710606,0.0724910576064854,1
"875",1.18102106285379,-0.772572359492525,1.76961617069598,0.930844868930155,1
"876",0.500429269166791,0.212034837484313,-0.693910306889948,0.640742015373017,0
"877",0.443605148104822,1.33030703333945,1.68961915560807,0.202297642900361,1
"878",1.31178799177772,1.29561302814501,1.35850970865456,-0.871022412245663,1
"879",1.15311097354931,-0.127504672502956,0.832054315705994,-1.62037862322398,1
"880",-1.46091484575561,0.611741064230162,0.23313831175321,-0.0240694010932469,1
"881",-0.0902070861765897,-0.441888903741514,-1.74578204198239,0.901487777281491,0
"882",-1.42486527910846,-0.764761967372533,-0.958641106132904,-0.924650431161456,0
"883",0.806268147616605,1.51681855728696,-1.21751307195145,-0.105042853070538,0
"884",0.0774207965609942,-1.02229251175831,0.458752995252346,-0.880571138912249,1
"885",-0.913792877613413,0.742619454332629,-0.953862702130975,0.455371745081557,0
"886",0.857338741392244,-0.229176250982682,-2.02073388182744,0.188033736071157,0
"887",-0.44980228083068,-0.361220396198753,-0.403896764755388,-0.444001363481253,0
"888",-1.19270604639927,-0.990487886797321,1.28658706719525,1.49462066280399,1
"889",0.196260868920278,-0.589844220298524,-0.22502180664119,-2.82971980087435,0
"890",-2.24733664550281,0.198709348487236,1.16563683382758,0.184880846299856,1
"891",-0.253336689935583,-1.35985263162765,0.174887102539124,-0.919635731286483,0
"892",-0.401659679323739,0.472622487732665,0.336256967323032,0.478181179663418,1
"893",0.577241410308435,0.323518294564371,2.35159820210463,0.0791540798840915,1
"894",-0.827880364154728,-2.16610053432596,3.13256206222454,0.127498696058359,1
"895",1.36171116801291,1.45135908471664,-0.260755675511383,2.28299109366657,1
"896",-0.91714037726233,-0.514196810253294,0.0226820243047488,0.0758821407773354,0
"897",-0.864004124609768,1.45179207268705,0.260328976180483,-1.61760038041848,1
"898",0.939344867498865,-0.814489912127283,0.0646181632268471,0.437270903182252,1
"899",0.672055945733573,0.0953335572575257,-1.37269927829461,-1.19592079662238,0
"900",0.712009734389293,-0.267919358036791,-1.01908899762922,0.262118294737984,0
"901",1.41402294818818,-0.842663276448131,0.559021261383446,1.40711489493829,1
"902",-0.418931439778158,-1.42547956896252,0.587757054078668,0.727470613474629,1
"903",0.92241581436099,0.590541629665888,0.919389286944963,-0.186133043942064,1
"904",-1.01654800438721,-1.28540539727838,-0.81618741663026,-0.57268140857548,0
"905",-0.863817585897846,1.71476375394435,0.416149556441626,-0.011155182183701,1
"906",2.02859399451921,0.320533666611107,-0.843381674733398,1.47839794333108,0
"907",1.34597214531124,-2.62261888086771,0.619553351380237,-0.291828310627536,1
"908",-1.24130789067881,-0.617611689318507,-1.59749863137935,-0.0713513819360586,0
"909",2.42361680813093,0.822350774054361,-1.5923981666853,0.299771491813663,0
"910",-0.131318845296228,-0.0188052988937242,-0.257217597237752,1.31832421849608,1
"911",1.41290532194288,1.24077833891224,1.90596029529122,-0.642268885876056,1
"912",-0.580608372018328,0.253027443614992,0.836309475048873,-1.19633316034277,1
"913",-0.0447211747822653,0.862640196023961,-0.0854683201195182,-1.61056360905406,1
"914",0.625472687712972,0.266084820295229,0.944542873391963,0.964646196409093,1
"915",-0.164544221320629,0.238905367270841,0.882253525485922,-0.360333923946079,1
"916",0.0588654065527151,-0.397790555282852,-1.21214760062217,-0.117927730755466,0
"917",0.97573683139539,0.455987450470171,1.21832406192011,2.21469010813769,1
"918",-1.20058073396158,-0.473050767021052,-0.357774900422512,0.582392186304689,0
"919",-1.1503839502933,-1.50955813326416,-0.393940556105843,0.739831279454243,0
"920",0.314492805447729,0.674075053031259,-1.46084544888128,-1.67121425020173,0
"921",-2.22090500267868,0.853578459530151,0.332061764196826,1.29079245567023,0
"922",0.824514690464419,0.346911540162212,-0.709714917843722,0.549934326376905,0
"923",-0.761317297757303,0.559565135862445,0.0252687949030828,1.26153468994716,0
"924",-0.681095386697325,-0.936527425720961,0.419478205772437,0.207322831641247,0
"925",0.646231543078236,1.66278446853684,-0.111516772334525,-0.843802166039434,1
"926",0.646895069716618,-0.93023184794974,-1.35279061339174,-0.882624454742929,0
"927",0.0534453651048337,0.552392232908429,-0.201324237753551,-0.0874672075987791,0
"928",0.0630115999721352,-0.679470694450075,0.643815817384382,-0.176314306016342,1
"929",0.721371289028424,0.828637298235294,1.11283623620208,0.0877492961561911,1
"930",0.7075450650688,-0.308576668523206,0.0889249696544029,-2.84415896893247,1
"931",-0.468788965618728,-0.0903503953408744,0.815487497258877,-0.388117011413597,1
"932",1.63342730961876,0.221496465114569,0.170418959212037,0.907162933672428,1
"933",0.756406893413308,1.31801224416043,0.611862523623906,0.231519326334215,1
"934",-0.685898948002467,-0.395247489813622,0.961929525272534,-1.3677680613293,1
"935",0.797647803339052,-1.3613587282811,1.42782797404533,-0.560903932075726,1
"936",-1.09389426499849,-0.00824647767101237,-0.696814978612101,-0.280216007213531,0
"937",-1.44283917447663,0.852937038063458,-0.0354525653516453,-0.264970170266311,0
"938",-0.0703152009025051,1.7703524747105,2.39433384867456,-2.05434173531909,1
"939",1.1839097136788,0.359771601544489,-0.00918253352022637,-0.27967217108573,1
"940",0.476800604702937,0.114139982879945,0.315456551273151,0.0162859517372383,1
"941",1.28917324193661,-1.32222612339063,0.970088959269293,0.978155040980353,1
"942",-0.119494732528776,0.699740312181515,-1.01134371102671,1.37483046283348,0
"943",-1.62819813670126,0.76093487845532,-0.446152898544537,0.815795593475011,0
"944",-0.128081670405075,0.114024201100656,-0.841423563268314,0.241514704396875,0
"945",1.65993898643548,0.361389910319508,1.13909416748948,-0.154122783471636,1
"946",1.09483429628966,1.50090839274214,-0.6604101293922,-1.80491234949214,1
"947",1.85665242720918,0.870270771023054,-1.12209980732281,0.254362380305998,0
"948",0.0187386765788251,1.01223768073345,0.154502548397253,-0.525671550071004,1
"949",0.35328639152686,0.279621510267833,-0.101612586547669,-0.387284933450469,0
"950",-0.613185026110037,-0.485183146570134,0.469347178196955,1.82958498663573,1
"951",0.227254788916827,0.940033464120393,1.37514508692713,0.221150984730802,1
"952",-0.224612171416248,-0.244345729681969,-0.147679424916205,-1.28499657356626,1
"953",-0.860000570770048,2.0365993934814,-0.414694329855153,-0.148217033064167,1
"954",0.0674812280625411,-1.62840500146394,0.357089785434273,0.546876220133177,0
"955",-0.470657558255331,-0.299523970076551,-0.11246752246274,2.32191103658654,0
"956",-0.375913684394777,0.463633080868436,0.380920233150793,0.166081072988213,1
"957",0.007772156616825,-0.00643982316754612,0.145162179928852,-2.29801116037967,1
"958",-1.71774854232642,-0.267130834293843,-1.5783624908248,-1.50303074704578,0
"959",-0.606508790717353,0.660858727507112,-0.430400198968675,0.179455067729382,1
"960",0.347835464356979,0.162354850134644,-1.21103852664831,-1.05125633187859,0
"961",1.14203484614461,-0.484169606792722,2.88641904031285,0.238912582718557,1
"962",-1.52689857314539,-0.753266972398845,0.377148501937187,-0.307552573829474,1
"963",0.903598519126567,-1.05780579591187,0.397769191801548,-0.314127736009067,1
"964",0.438749165351698,1.22280472224811,1.3265967812141,0.503999334315348,1
"965",0.0811394186120233,2.20278248320486,-0.336547449884384,-1.1806604851628,1
"966",-1.16856856333409,-0.669989418048789,-0.294069881636637,0.96043907922897,0
"967",0.700543192596773,1.37894084724544,0.340073029998643,2.65990104679716,1
"968",-1.61872598382976,-0.431613688686025,-0.180100402911644,0.616217237897517,0
"969",-1.61205865459324,0.899927119114083,2.03005071446898,0.372215626962331,1
"970",1.45693031596304,-0.166201410493788,-0.355603069408634,0.797034075715146,0
"971",0.0685546178415574,0.686070219614152,0.393826108197331,1.3000128576514,1
"972",0.740586424462905,0.0682254247881802,-0.0313422970350451,-0.846608011735269,1
"973",-0.899738599143918,-0.386730740953081,0.812225899514888,1.00246026878198,1
"974",1.07219875978742,-0.190563884576249,-0.409286987992696,0.253678758347359,1
"975",-0.802706745316243,2.11669420124133,0.681068358586781,0.5104988021398,1
"976",-0.139442903074199,-1.62391522299147,2.93760751090216,-0.981731173550644,1
"977",0.0431680195172744,-1.01014692395328,-0.024042908335628,-0.202418268307321,0
"978",0.810943732749898,-0.204890745436804,-1.2698652611075,0.251958165058836,0
"979",-0.130373114043398,-0.162672320302872,-1.12951579355493,1.82228243317521,0
"980",-0.792946766438578,-1.06035366089121,1.41764129396819,-0.626497317170567,1
"981",-0.568805607429826,-0.153262493471341,-0.752550359272448,0.337462436383577,0
"982",-3.21842932845582,-0.0997851882564983,-0.239040564566024,-1.27076787705469,0
"983",0.969670550826565,-1.89523126107781,-0.723530491622744,0.68097655770093,0
"984",-0.550396456077611,0.70407049215344,-0.184168446786493,-1.54424163701904,0
"985",0.583800660283904,-1.68667821887459,0.808958168529968,-1.75770980688308,1
"986",1.79094291210768,-0.421417972575188,-0.814484134455284,-0.0188582806849379,0
"987",-0.0467034319735143,0.0966279525361973,1.42547730488618,2.46691875997535,1
"988",2.06824477456362,2.74529331681924,-0.928428588263779,0.088955816794285,1
"989",-0.905696859425231,0.879298397002537,0.196171863875805,-1.34051848242477,1
"990",-0.955158736281422,-0.459289949095926,1.05010037227132,-0.371319814257186,1
"991",-0.946028943614947,1.13514645284029,1.26715492673906,-1.57392798417651,1
"992",0.105411565285281,0.647519142630017,0.404732797681356,0.262539371800638,1
"993",0.418303553622546,-1.10173321629117,-0.148296882325985,0.341813096973474,0
"994",0.75240114460401,0.175844464189169,-0.167042741639126,-1.12390701538181,1
"995",0.464309948172511,0.599557050480867,0.597878952814988,-0.783070850112891,1
"996",1.00232129252005,-8.39582926037378e-05,-0.789987644030354,-0.875646365972057,0
"997",-1.02345230648297,-1.32089772426015,-0.319878364990533,-0.00744083367253913,0
"998",-0.0672723941423679,1.33153645000102,1.58840046396744,1.06563745508946,1
"999",-0.512189973466898,0.0850942642588528,1.18103016207626,-0.0700117121829755,1
"1000",-0.306712823696642,1.17649153501015,0.424067034461203,1.87293856726266,1
